Gen, Wood,Brick,Wheat,Sheep,Distance,Fitness
0,0.07745788572410639,1.2206205325016803,1.9415028367019636,-0.008957230402039214,0.029187877287515193,2.9
